"0","apply(trace$beta, MARGIN = 2, FUN = mean)"
"1","[1]"
"1"," -2.5302075982"
"1","  1.1209143564"
"1","  1.3114808918"
"1"," -0.0037782992"
"1"," -0.0874580057"
"1","  0.0003249151"
"1","
"
"0","pairs(trace$beta)"
